date,total,cash,holdings,kospi,kospi_chg_pct
2025-06-05,4999256,36730,4962526,2812.050048828125,0
2025-06-09,5116340,50852,5065489,2855.77001953125,1.55
2025-06-10,5130710,844,5129866,2871.85009765625,0.56
2025-06-11,5176323,844,5175479,2907.0400390625,1.23
2025-06-12,5150874,35864,5115010,2920.030029296875,0.45
2025-06-13,5126142,35864,5090278,2894.6201171875,-0.87
2025-06-16,5188764,26679,5162085,2946.659912109375,1.8
2025-06-17,5166076,26679,5139397,2950.300048828125,0.12
2025-06-18,5243524,27923,5215600,2972.18994140625,0.74
2025-06-19,5270436,27923,5242513,2977.739990234375,0.19
2025-06-20,5412126,12261,5399865,3021.840087890625,1.48
2025-06-23,5380825,12003,5368821,3014.469970703125,-0.24
2025-06-24,5527444,16687,5510758,3103.639892578125,2.96
2025-06-25,5508987,54329,5454658,3108.25,0.15
2025-06-26,5402528,54216,5348313,3079.56005859375,-0.92
2025-06-27,5349058,54216,5294843,3055.93994140625,-0.77
2025-06-30,5368851,54216,5314636,3071.699951171875,0.52
2025-07-01,5376850,54216,5322634,3089.64990234375,0.58
2025-07-02,5378339,54093,5324245,3075.06005859375,-0.47
2025-07-03,5481643,19070,5462573,3116.27001953125,1.34
2025-07-04,5420246,11412,5408834,3054.280029296875,-1.99
2025-07-07,5431394,11412,5419982,3059.469970703125,0.17
2025-07-08,5447365,11412,5435952,3114.949951171875,1.81
2025-07-09,5424567,11412,5413154,3133.739990234375,0.6
2025-07-10,5587137,11412,5575725,3183.22998046875,1.58
2025-07-11,5557757,14196,5543561,3175.77001953125,-0.23
2025-07-14,5527339,11712,5515627,3202.030029296875,0.83
2025-07-15,5508198,11712,5496485,3215.280029296875,0.41
2025-07-16,5455530,11712,5443817,3186.3798828125,-0.9
2025-07-17,5485915,12123,5473792,3192.2900390625,0.19
2025-07-18,5452416,12123,5440293,3188.070068359375,-0.13
2025-07-21,5472637,12123,5460514,3210.81005859375,0.71
2025-07-22,5435693,12123,5423570,3169.93994140625,-1.27
2025-07-23,5503275,12123,5491153,3183.77001953125,0.44
2025-07-24,5552879,6112,5546768,3190.449951171875,0.21
2025-07-25,5528141,37657,5490485,3196.050048828125,0.18
2025-07-28,5557818,41625,5516194,3209.52001953125,0.42
2025-07-29,5606235,41625,5564611,3230.570068359375,0.66
2025-07-30,5663511,41625,5621886,3254.469970703125,0.74
2025-07-31,5605709,53716,5551994,3245.43994140625,-0.28
2025-08-01,5411256,53716,5357541,3119.409912109375,-3.88
2025-08-04,5458922,43727,5415195,3147.75,0.91
2025-08-05,5483877,43727,5440150,3198,1.6
2025-08-06,5462827,43727,5419100,3198.139892578125,0
2025-08-07,5541561,3580,5537982,3227.679931640625,0.92
2025-08-08,5509970,3580,5506390,3210.010009765625,-0.55
2025-08-11,5522935,1812,5521123,3206.77001953125,-0.1
2025-08-12,5488567,45671,5442896,3189.909912109375,-0.53
2025-08-13,5564427,16432,5547995,3224.3701171875,1.08
2025-08-14,5572507,16432,5556075,3225.659912109375,0.04
2025-08-18,5525519,16432,5509087,3177.280029296875,-1.5
2025-08-19,5497569,16432,5481137,3151.56005859375,-0.81
2025-08-20,5479410,16432,5462978,3130.090087890625,-0.68
2025-08-21,5463865,41963,5421903,3141.739990234375,0.37
2025-08-22,5499626,7692,5491933,3168.72998046875,0.86
2025-08-25,5545054,7692,5537362,3209.860107421875,1.3
2025-08-26,5483642,7692,5475949,3179.360107421875,-0.95
2025-08-27,5512326,24040,5488287,3187.159912109375,0.25
2025-08-28,5467311,24153,5443158,3196.320068359375,0.29
2025-08-29,5424584,24153,5400431,3186.010009765625,-0.32
2025-09-01,5363082,24153,5338929,3142.929931640625,-1.35
2025-09-02,5396019,24153,5371866,3172.35009765625,0.94
2025-09-03,5408440,24153,5384286,3184.419921875,0.38
2025-09-04,5430113,24153,5405960,3200.830078125,0.52
2025-09-05,5447072,24153,5422919,3205.1201171875,0.13
2025-09-08,5457967,24153,5433814,3219.590087890625,0.45
2025-09-09,5506058,18798,5487261,3260.050048828125,1.26
2025-09-10,5540965,18695,5522269,3314.530029296875,1.67
2025-09-11,5584311,18695,5565616,3344.199951171875,0.9
2025-09-12,5690288,12855,5677434,3395.5400390625,1.54
2025-09-15,5657464,49912,5607552,3407.31005859375,0.35
2025-09-16,5658299,49912,5608387,3449.6201171875,1.24
2025-09-17,5606951,49821,5557129,3413.39990234375,-1.05
2025-09-18,5666474,49821,5616653,3461.300048828125,1.4
2025-09-19,5666474,49821,5616653,3445.239990234375,-0.46
2025-09-22,5690411,8956,5681455,3468.64990234375,0.68
2025-09-23,5727456,6783,5720673,3486.18994140625,0.51
2025-09-24,5706424,6783,5699641,3472.139892578125,-0.4
2025-09-25,5742330,6783,5735547,3471.110107421875,-0.03
2025-09-26,5596883,718276,4878607,3386.050048828125,-2.45
2025-09-29,5671911,55776,5616134,3431.2099609375,1.33
2025-09-30,5646158,55656,5590502,3424.60009765625,-0.19
2025-10-01,5677315,55656,5621659,3455.830078125,0.91
2025-10-02,5805231,23934,5781297,3549.2099609375,2.7
2025-10-10,5823065,23804,5799261,3610.60009765625,1.73
2025-10-13,5773468,29195,5744272,3584.550048828125,-0.72
2025-10-14,5773902,29195,5744707,3561.81005859375,-0.63
2025-10-15,5998554,45908,5952646,3657.280029296875,2.68
2025-10-16,6110158,33272,6076885,3748.3701171875,2.49
2025-10-17,6101044,53117,6047928,3748.889892578125,0.01
2025-10-20,6189663,45759,6143903,3814.68994140625,1.76
2025-10-21,6272207,41495,6230713,3823.840087890625,0.24
2025-10-22,6396220,32662,6363558,3883.679931640625,1.56
2025-10-23,6278249,32490,6245760,3845.56005859375,-0.98
2025-10-24,6422595,25078,6397517,3941.590087890625,2.5
2025-10-27,6554077,45014,6509062,4042.830078125,2.57
2025-10-28,6614754,34663,6580092,4010.409912109375,-0.8
2025-10-29,6716821,7128,6709693,4081.14990234375,1.76
2025-10-30,6639857,6378,6633479,4086.889892578125,0.14
2025-10-31,6673184,18400,6654784,4107.5,0.5
2025-11-03,6740754,60080,6680674,4221.8701171875,2.78
2025-11-04,6621054,902954,5718100,4121.740234375,-2.37
2025-11-05,6578371,902954,5675417,4004.419921875,-2.85
2025-11-06,6573679,35824,6537855,4026.449951171875,0.55
2025-11-07,6524722,35824,6488898,3953.760009765625,-1.81
2025-11-10,6625438,35824,6589615,4073.239990234375,3.02
2025-11-11,6679491,35824,6643667,4106.39013671875,0.81
2025-11-12,6718028,20885,6697143,4150.39013671875,1.07
2025-11-13,6797382,1762,6795620,4170.6298828125,0.49
2025-11-14,6676525,1349293,5327231,4011.570068359375,-3.81
2025-11-17,6731729,42226,6689503,4089.25,1.94
2025-11-18,6575200,42226,6532974,3953.6201171875,-3.32
2025-11-19,6535465,42226,6493239,3929.510009765625,-0.61
2025-11-20,6601622,42226,6559396,4004.85009765625,1.92
2025-11-21,6468853,597143,5871710,3853.260009765625,-3.79
2025-11-24,6335246,45060,6290186,3846.06005859375,-0.19
2025-11-25,6168325,46896,6121429,3857.780029296875,0.3
2025-11-26,6325093,11164,6313929,3960.8701171875,2.67
2025-11-27,6305307,11164,6294143,3986.909912109375,0.66
2025-11-28,6143450,11164,6132286,3926.590087890625,-1.51
2025-12-01,6175408,4151,6171257,3920.3701171875,-0.16
2025-12-02,6256437,4151,6252286,3994.929931640625,1.9
2025-12-03,6295466,4151,6291314,4036.300048828125,1.04
2025-12-04,6294266,4151,6290114,4028.510009765625,-0.19
2025-12-05,6338966,4151,6334814,4100.0498046875,1.78
2025-12-08,6416307,1236,6415071,4154.85009765625,1.34
2025-12-09,6427379,1236,6426143,4143.5498046875,-0.27
2025-12-10,6410307,1236,6409071,4135,-0.21
2025-12-11,6369056,9727,6359329,4110.6201171875,-0.59
2025-12-12,6446542,9727,6436814,4167.16015625,1.38
2025-12-15,6441399,9727,6431671,4090.590087890625,-1.84
2025-12-16,6312213,9727,6302486,3999.1298828125,-2.24
2025-12-17,6309299,9727,6299571,4056.409912109375,1.43
2025-12-18,6230113,9727,6220386,3994.510009765625,-1.53
2025-12-19,6263070,9727,6253343,4020.550048828125,0.65
2025-12-22,6329156,9727,6319429,4105.93017578125,2.12
2025-12-23,6343013,9727,6333286,4117.31982421875,0.28
2025-12-24,6313027,9727,6303300,4108.6201171875,-0.21
2025-12-26,6290474,56388,6234086,4129.68017578125,0.51
2025-12-29,6419811,35311,6384500,4220.56005859375,2.2
2025-12-30,6384754,35311,6349443,4214.169921875,-0.15
2026-01-02,6502774,35203,6467571,4309.6298828125,2.27
2026-01-05,6648473,32102,6616371,4457.52001953125,3.43
2026-01-06,6758517,18346,6740171,4525.47998046875,1.52
2026-01-07,6775722,56465,6719257,4551.06005859375,0.57
2026-01-08,6873236,56465,6816771,4552.3701171875,0.03
2026-01-09,6971547,43946,6927600,4586.31982421875,0.75
2026-01-12,6948775,43946,6904829,4624.7900390625,0.84
2026-01-13,7190091,39963,7150129,4692.64013671875,1.47
2026-01-14,7170151,30066,7140086,4723.10009765625,0.65
2026-01-15,7261159,53330,7207829,4797.5498046875,1.58
2026-01-16,7236273,53330,7182943,4840.740234375,0.9
2026-01-19,7330219,37719,7292500,4904.66015625,1.32
2026-01-20,7309521,26593,7282929,4885.75,-0.39
2026-01-21,7308177,17220,7290957,4909.93017578125,0.49
2026-01-22,7237320,39234,7198086,4952.52978515625,0.87
2026-01-23,7322410,35295,7287114,4990.06982421875,0.76
2026-01-26,7295033,35147,7259886,4949.58984375,-0.81
2026-01-27,7322647,11961,7310686,5084.85009765625,2.73
2026-01-28,7395965,6080,7389886,5170.81005859375,1.69
2026-01-29,7444910,59853,7385057,5221.25,0.98
2026-01-30,7352851,1551,7351300,5224.35986328125,0.06
2026-02-02,7051551,1551,7050000,4949.669921875,-5.26
2026-02-03,7318608,1551,7317057,5288.080078125,6.84
2026-02-04,7362408,1551,7360857,5371.10009765625,1.57
2026-02-05,7146297,551468,6594829,5163.56982421875,-3.86
2026-02-06,7020064,47293,6972771,5089.14013671875,-1.44
2026-02-09,7203838,47095,7156743,5298.0400390625,4.1
2026-02-10,7235895,47095,7188800,5301.68994140625,0.07
2026-02-11,7356234,38549,7317686,5354.490234375,1
2026-02-12,7452143,42115,7410029,5522.27001953125,3.13
2026-02-13,7373082,29782,7343300,5507.009765625,-0.28
2026-02-19,7477454,29782,7447671,5677.25,3.09
2026-02-20,7558161,46833,7511329,5808.52978515625,2.31
2026-02-23,7565319,46833,7518486,5846.08984375,0.65
2026-02-24,7634124,14324,7619800,5969.64013671875,2.11
2026-02-25,7811321,37349,7773971,6083.85986328125,1.91
2026-02-26,8119978,37349,8082629,6307.27001953125,3.67
2026-02-27,8120007,16879,8103129,6244.1298828125,-1
2026-03-03,7395682,377825,7017857,5791.91015625,-7.24
2026-03-04,6559475,377825,6181650,5093.5400390625,-12.06
2026-03-05,7104058,31273,7072786,5583.89990234375,9.63
2026-03-06,7123478,28135,7095343,5584.8701171875,0.02
2026-03-09,6710009,582452,6127557,5251.8701171875,-5.96
2026-03-10,6985512,58741,6926771,5532.58984375,5.35
2026-03-11,7122484,58741,7063743,5609.9501953125,1.4
2026-03-12,7084946,58674,7026271,5583.25,-0.48
2026-03-13,6965117,58674,6906443,5487.240234375,-1.72
2026-03-16,6978403,58674,6919729,5549.85009765625,1.14
2026-03-17,7113146,58674,7054471,5640.47998046875,1.63
2026-03-18,7389073,129401,7259671,5925.02978515625,5.04
2026-03-19,7148359,696316,6452043,5763.22021484375,-2.73
2026-03-20,7142666,91124,7051543,5781.2001953125,0.31
2026-03-23,6734424,91124,6643300,5405.75,-6.49
2026-03-24,6942109,91124,6850986,5553.919921875,2.74
2026-03-25,7020152,91124,6929029,5642.2099609375,1.59
2026-03-26,6865660,514060,6351600,5460.4599609375,-3.22
2026-03-27,6924568,90997,6833571,5438.8701171875,-0.4
2026-03-30,6709111,90997,6618114,5277.2998046875,-2.97
2026-03-31,6452974,432945,6020029,5052.4599609375,-4.26
2026-04-01,6848015,85093,6762921,5478.7001953125,8.44
2026-04-02,6634158,322258,6311900,5234.0498046875,-4.47
2026-04-03,6660888,40788,6620100,5377.2998046875,2.74
2026-04-06,6745516,40788,6704729,5450.330078125,1.36
2026-04-07,6803516,40788,6762729,5494.77978515625,0.82
2026-04-08,7120988,43745,7077243,5872.33984375,6.87
2026-04-09,7019159,43745,6975414,5778.009765625,-1.61
2026-04-10,7035916,43745,6992171,5858.8701171875,1.4
2026-04-13,6946859,43745,6903114,5808.6201171875,-0.86
2026-04-14,7049302,43745,7005557,5967.75,2.74
2026-04-15,7265485,56942,7208543,6091.39013671875,2.07
2026-04-16,7447085,56942,7390143,6226.0498046875,2.21
2026-04-17,7397799,56942,7340857,6191.919921875,-0.55
2026-04-20,7421085,56942,7364143,6219.08984375,0.44
2026-04-21,7583741,9441,7574300,6388.47021484375,2.72
2026-04-22,7602529,41872,7560657,6417.93017578125,0.46
2026-04-23,7572843,41872,7530971,6475.81005859375,0.9
2026-04-24,7570515,41872,7528643,6475.6298828125,0
2026-04-27,7632958,34201,7598757,6615.02978515625,2.15
2026-04-28,7686848,5377,7681471,6641.02001953125,0.39
2026-04-29,7696120,5377,7690743,6690.89990234375,0.75
2026-04-30,7565586,5377,7560210,6598.8701171875,-1.38
2026-05-04,7848296,108572,7739724,6936.990234375,5.12
2026-05-06,8113448,85933,8027514,7384.56005859375,6.45
2026-05-07,8321362,85933,8235429,7490.0498046875,1.43
2026-05-08,8356253,44,8356210,7498,0.11
2026-05-11,8694244,138272,8555971,7822.240234375,4.32
2026-05-12,8503696,1884411,6619286,7643.14990234375,-2.29
2026-05-13,8683797,79211,8604586,7844.009765625,2.63
2026-05-14,8724533,33254,8691279,7981.41015625,1.75
2026-05-15,8291227,1075298,7215929,7493.18017578125,-6.12
2026-05-18,8149014,74785,8074229,7516.0400390625,0.31
2026-05-19,7812735,599707,7213029,7271.66015625,-3.25
2026-05-20,7757298,65726,7691571,7208.9501953125,-0.86
2026-05-21,8359752,150738,8209014,7815.58984375,8.42
2026-05-22,8386562,8448,8378114,7847.7099609375,0.41
2026-05-26,8601990,8448,8593543,8047.509765625,2.55
2026-05-27,8776304,129289,8647014,8228.7001953125,2.25
2026-05-28,8848047,129289,8718757,8185.2900390625,-0.53
2026-05-29,9051989,83546,8968443,8476.150390625,3.55
2026-06-01,9394393,3579,9390814,8788.3798828125,3.68
2026-06-02,9366917,3360,9363557,8801.490234375,0.15
2026-06-04,9038966,34166,9004800,8639.41015625,-1.84
2026-06-05,8680663,719663,7961000,8160.58984375,-5.54