date,ticker,name,type,qty,price,reason,profit,profit_pct
2025-06-05,005930,삼성전자,BUY,1,59100,"Top10 #1 신규 진입",,
2025-06-05,207940,삼성바이오로직스,BUY,1,1566749,"Top10 #2 신규 진입",,
2025-06-05,373220,LG에너지솔루션,BUY,1,291000,"Top10 #3 신규 진입",,
2025-06-05,068270,셀트리온,BUY,1,149359,"Top10 #4 신규 진입",,
2025-06-05,035420,NAVER,BUY,1,191200,"Top10 #5 신규 진입",,
2025-06-05,035720,카카오,BUY,1,44300,"Top10 #6 신규 진입",,
2025-06-05,000270,기아,BUY,1,93100,"Top10 #7 신규 진입",,
2025-06-05,329180,HD현대중공업,BUY,1,425000,"Top10 #8 신규 진입",,
2025-06-05,105560,KB금융,BUY,1,106300,"Top10 #9 신규 진입",,
2025-06-05,000660,SK하이닉스,BUY,1,224500,"Top10 #10 신규 진입",,
2025-06-05,035720,카카오,BUY,1,44300,"재분배",,
2025-06-05,005930,삼성전자,BUY,1,59100,"재분배",,
2025-06-05,035720,카카오,BUY,1,44300,"재분배",,
2025-06-05,000270,기아,BUY,1,93100,"재분배",,
2025-06-05,105560,KB금융,BUY,1,106300,"재분배",,
2025-06-05,005930,삼성전자,BUY,1,59100,"재분배",,
2025-06-05,035720,카카오,BUY,1,44300,"재분배",,
2025-06-05,068270,셀트리온,BUY,1,149359,"재분배",,
2025-06-05,035720,카카오,BUY,1,44300,"재분배",,
2025-06-05,005930,삼성전자,BUY,1,59100,"재분배",,
2025-06-05,000270,기아,BUY,1,93100,"재분배",,
2025-06-05,035420,NAVER,BUY,1,191200,"재분배",,
2025-06-05,105560,KB금융,BUY,1,106300,"재분배",,
2025-06-05,035720,카카오,BUY,1,44300,"재분배",,
2025-06-05,000660,SK하이닉스,BUY,1,224500,"재분배",,
2025-06-05,005930,삼성전자,BUY,1,59100,"재분배",,
2025-06-05,035720,카카오,BUY,1,44300,"재분배",,
2025-06-05,000270,기아,BUY,1,93100,"재분배",,
2025-06-05,005930,삼성전자,BUY,1,59100,"재분배",,
2025-06-05,068270,셀트리온,BUY,1,149359,"재분배",,
2025-06-05,035720,카카오,BUY,1,44300,"재분배",,
2025-06-09,035420,NAVER,SELL,2,198500,"순위 이탈 (매수 5위 → 6위)",14483,3.79
2025-06-09,035720,카카오,SELL,8,50470,"트레일링 -2% (고점 51500)",49246,13.89
2025-06-09,035720,카카오,BUY,1,51400,"Top10 #5 신규 진입",,
2025-06-09,035420,NAVER,BUY,1,198500,"Top10 #6 신규 진입",,
2025-06-09,012330,현대모비스,BUY,1,279500,"#20 상승 (전일 22위→20위)",,
2025-06-09,035720,카카오,BUY,1,51400,"재분배",,
2025-06-09,035720,카카오,BUY,1,51400,"재분배",,
2025-06-09,035720,카카오,BUY,1,51400,"재분배",,
2025-06-09,035720,카카오,BUY,1,51400,"재분배",,
2025-06-09,035720,카카오,BUY,1,51400,"재분배",,
2025-06-10,035720,카카오,BUY,1,50000,"재분배",,
2025-06-12,012330,현대모비스,SELL,1,284500,"순위 이탈 (매수 20위 → 21위)",4915,1.76
2025-06-12,035420,NAVER,BUY,1,198900,"재분배",,
2025-06-12,035720,카카오,BUY,1,50500,"재분배",,
2025-06-16,105560,KB금융,SELL,3,107800,"순위 이탈 (매수 9위 → 10위)",4404,1.38
2025-06-16,000660,SK하이닉스,SELL,2,243530,"트레일링 -2% (고점 248500)",37920,8.44
2025-06-16,000660,SK하이닉스,BUY,1,248000,"Top10 #9 신규 진입",,
2025-06-16,105560,KB금융,BUY,1,107800,"Top10 #10 신규 진입",,
2025-06-16,105560,KB금융,BUY,1,107800,"재분배",,
2025-06-16,105560,KB금융,BUY,1,107800,"재분배",,
2025-06-16,000660,SK하이닉스,BUY,1,248000,"재분배",,
2025-06-18,035720,카카오,SELL,8,55200,"순위 이탈 (매수 5위 → 6위)",32572,7.96
2025-06-18,035420,NAVER,SELL,2,239610,"트레일링 -2% (고점 244500)",81689,20.55
2025-06-18,035420,NAVER,BUY,1,243500,"Top10 #5 신규 진입",,
2025-06-18,035720,카카오,BUY,1,55200,"Top10 #6 신규 진입",,
2025-06-18,096770,SK이노베이션,BUY,1,101100,"#16 상승 (전일 18위→16위)",,
2025-06-18,035720,카카오,BUY,1,55200,"재분배",,
2025-06-18,035720,카카오,BUY,1,55200,"재분배",,
2025-06-18,035720,카카오,BUY,1,55200,"재분배",,
2025-06-18,035720,카카오,BUY,1,55200,"재분배",,
2025-06-18,035420,NAVER,BUY,1,243500,"재분배",,
2025-06-18,035720,카카오,BUY,1,55200,"재분배",,
2025-06-20,068270,셀트리온,SELL,3,154476,"순위 이탈 (매수 4위 → 5위)",15215,3.4
2025-06-20,035420,NAVER,SELL,2,264110,"트레일링 -2% (고점 269500)",41068,8.43
2025-06-20,035720,카카오,SELL,6,65856,"트레일링 -2% (고점 67200)",63827,19.27
2025-06-20,035720,카카오,BUY,1,66600,"Top10 #4 신규 진입",,
2025-06-20,068270,셀트리온,BUY,1,154476,"Top10 #5 신규 진입",,
2025-06-20,035420,NAVER,BUY,1,269500,"Top10 #6 신규 진입",,
2025-06-20,035720,카카오,BUY,1,66600,"재분배",,
2025-06-20,035720,카카오,BUY,1,66600,"재분배",,
2025-06-20,068270,셀트리온,BUY,1,154476,"재분배",,
2025-06-20,035720,카카오,BUY,1,66600,"재분배",,
2025-06-20,035720,카카오,BUY,1,66600,"재분배",,
2025-06-20,035420,NAVER,BUY,1,269500,"재분배",,
2025-06-20,068270,셀트리온,BUY,1,154476,"재분배",,
2025-06-20,035720,카카오,BUY,1,66600,"재분배",,
2025-06-23,035720,카카오,SELL,6,67600,"순위 이탈 (매수 4위 → 5위)",5879,1.47
2025-06-23,068270,셀트리온,SELL,3,151429,"순위 이탈 (매수 5위 → 6위)",-9280,-2
2025-06-23,035720,카카오,BUY,1,67600,"Top10 #5 신규 진입",,
2025-06-23,068270,셀트리온,BUY,1,151429,"Top10 #6 신규 진입",,
2025-06-23,035720,카카오,BUY,1,67600,"재분배",,
2025-06-23,035720,카카오,BUY,1,67600,"재분배",,
2025-06-23,068270,셀트리온,BUY,1,151429,"재분배",,
2025-06-23,035720,카카오,BUY,1,67600,"재분배",,
2025-06-23,035720,카카오,BUY,1,67600,"재분배",,
2025-06-23,068270,셀트리온,BUY,1,151429,"재분배",,
2025-06-23,035720,카카오,BUY,1,67600,"재분배",,
2025-06-24,000660,SK하이닉스,SELL,2,277340,"트레일링 -2% (고점 283000)",58522,11.8
2025-06-24,096770,SK이노베이션,SELL,1,101800,"순위 이탈 (매수 16위 → 17위)",670,0.66
2025-06-24,000660,SK하이닉스,BUY,1,278500,"Top10 #9 신규 진입",,
2025-06-24,015760,한국전력,BUY,1,34100,"#13 상승 (전일 15위→13위)",,
2025-06-24,000660,SK하이닉스,BUY,1,278500,"재분배",,
2025-06-24,005930,삼성전자,BUY,1,60500,"재분배",,
2025-06-25,329180,HD현대중공업,SELL,1,437000,"순위 이탈 (매수 8위 → 9위)",11871,2.79
2025-06-25,015760,한국전력,SELL,1,37779,"트레일링 -2% (고점 38550)",3668,10.76
2025-06-25,329180,HD현대중공업,BUY,1,437000,"Top10 #9 신규 진입",,
2025-06-26,035720,카카오,SELL,6,63100,"순위 이탈 (매수 5위 → 6위)",-27118,-6.68
2025-06-26,035720,카카오,BUY,1,63100,"Top10 #6 신규 진입",,
2025-06-26,035720,카카오,BUY,1,63100,"재분배",,
2025-06-26,035720,카카오,BUY,1,63100,"재분배",,
2025-06-26,035720,카카오,BUY,1,63100,"재분배",,
2025-06-26,035720,카카오,BUY,1,63100,"재분배",,
2025-06-26,035720,카카오,BUY,1,63100,"재분배",,
2025-07-02,329180,HD현대중공업,SELL,1,407500,"순위 이탈 (매수 9위 → 10위)",-29627,-6.78
2025-07-02,329180,HD현대중공업,BUY,1,407500,"Top10 #10 신규 진입",,
2025-07-03,329180,HD현대중공업,SELL,1,394000,"순위 이탈 (매수 10위 → 11위)",-13620,-3.34
2025-07-03,005490,POSCO홀딩스,BUY,1,312000,"Top10 #10 신규 진입",,
2025-07-03,105560,KB금융,BUY,1,116900,"재분배",,
2025-07-04,105560,KB금융,SELL,4,112100,"순위 이탈 (매수 9위 → 10위)",7967,1.81
2025-07-04,068270,셀트리온,SELL,3,167067,"트레일링 -2% (고점 170476)",46771,10.29
2025-07-04,068270,셀트리온,BUY,1,169524,"Top10 #4 신규 진입",,
2025-07-04,105560,KB금융,BUY,1,112100,"Top10 #10 신규 진입",,
2025-07-04,105560,KB금융,BUY,1,112100,"재분배",,
2025-07-04,068270,셀트리온,BUY,1,169524,"재분배",,
2025-07-04,105560,KB금융,BUY,1,112100,"재분배",,
2025-07-04,105560,KB금융,BUY,1,112100,"재분배",,
2025-07-04,068270,셀트리온,BUY,1,169524,"재분배",,
2025-07-11,373220,LG에너지솔루션,SELL,1,324380,"트레일링 -2% (고점 331000)",33288,11.44
2025-07-11,373220,LG에너지솔루션,BUY,1,321500,"Top10 #3 신규 진입",,
2025-07-14,000270,기아,SELL,4,102410,"트레일링 -2% (고점 104500)",37123,9.97
2025-07-14,000270,기아,BUY,1,103000,"Top10 #7 신규 진입",,
2025-07-14,000270,기아,BUY,1,103000,"재분배",,
2025-07-14,000270,기아,BUY,1,103000,"재분배",,
2025-07-14,000270,기아,BUY,1,103000,"재분배",,
2025-07-17,005930,삼성전자,SELL,7,65464,"트레일링 -2% (고점 66800)",43017,10.36
2025-07-17,005930,삼성전자,BUY,1,66700,"Top10 #1 신규 진입",,
2025-07-17,005930,삼성전자,BUY,1,66700,"재분배",,
2025-07-17,005930,삼성전자,BUY,1,66700,"재분배",,
2025-07-17,005930,삼성전자,BUY,1,66700,"재분배",,
2025-07-17,005930,삼성전자,BUY,1,66700,"재분배",,
2025-07-17,005930,삼성전자,BUY,1,66700,"재분배",,
2025-07-17,035720,카카오,BUY,1,57500,"재분배",,
2025-07-24,207940,삼성바이오로직스,SELL,1,1672839,"순위 이탈 (매수 2위 → 3위)",105604,6.74
2025-07-24,373220,LG에너지솔루션,SELL,1,362600,"트레일링 -2% (고점 370000)",40997,12.75
2025-07-24,373220,LG에너지솔루션,BUY,1,368000,"Top10 #2 신규 진입",,
2025-07-24,207940,삼성바이오로직스,BUY,1,1672839,"Top10 #3 신규 진입",,
2025-07-25,000660,SK하이닉스,SELL,2,266000,"순위 이탈 (매수 9위 → 11위)",-25163,-4.52
2025-07-25,329180,HD현대중공업,BUY,1,444500,"Top10 #10 신규 진입",,
2025-07-25,035720,카카오,BUY,1,55800,"재분배",,
2025-07-28,105560,KB금융,SELL,4,110500,"순위 이탈 (매수 10위 → 11위)",-6534,-1.46
2025-07-28,000660,SK하이닉스,BUY,1,262000,"Top10 #10 신규 진입",,
2025-07-28,000270,기아,BUY,1,105500,"재분배",,
2025-07-28,005930,삼성전자,BUY,1,70400,"재분배",,
2025-07-31,329180,HD현대중공업,SELL,1,502740,"트레일링 -2% (고점 513000)",58098,13.07
2025-07-31,329180,HD현대중공업,BUY,1,490500,"Top10 #8 신규 진입",,
2025-08-04,005490,POSCO홀딩스,SELL,1,290000,"순위 이탈 (매수 10위 → 11위)",-22090,-7.08
2025-08-04,105560,KB금융,BUY,1,108400,"Top10 #10 신규 진입",,
2025-08-04,033780,KT&G,BUY,1,136100,"#17 상승 (전일 19위→17위)",,
2025-08-04,035720,카카오,BUY,1,55400,"재분배",,
2025-08-07,033780,KT&G,SELL,1,138500,"순위 이탈 (매수 17위 → 18위)",2359,1.73
2025-08-07,105560,KB금융,BUY,1,115000,"재분배",,
2025-08-07,035720,카카오,BUY,1,63600,"재분배",,
2025-08-11,105560,KB금융,SELL,2,112700,"순위 이탈 (매수 10위 → 11위)",1933,0.86
2025-08-11,003670,포스코퓨처엠,BUY,1,162900,"#17 상승 (전일 20위→17위)",,
2025-08-11,035720,카카오,BUY,1,64200,"재분배",,
2025-08-12,003670,포스코퓨처엠,SELL,1,158000,"순위 이탈 (매수 17위 → 20위)",-4948,-3.04
2025-08-12,105560,KB금융,BUY,1,114100,"Top10 #10 신규 진입",,
2025-08-13,105560,KB금융,SELL,1,114600,"순위 이탈 (매수 10위 → 11위)",466,0.41
2025-08-13,005930,삼성전자,BUY,1,71900,"재분배",,
2025-08-13,005930,삼성전자,BUY,1,71900,"재분배",,
2025-08-21,000660,SK하이닉스,SELL,1,245000,"순위 이탈 (매수 10위 → 11위)",-17076,-6.52
2025-08-21,105560,KB금융,BUY,1,109700,"Top10 #10 신규 진입",,
2025-08-21,105560,KB금융,BUY,1,109700,"재분배",,
2025-08-22,105560,KB금융,SELL,2,108400,"순위 이탈 (매수 10위 → 11위)",-2665,-1.21
2025-08-22,000660,SK하이닉스,BUY,1,251000,"Top10 #10 신규 진입",,
2025-08-27,000270,기아,SELL,5,103500,"순위 이탈 (매수 7위 → 8위)",-155,-0.03
2025-08-27,000270,기아,BUY,1,103500,"Top10 #8 신규 진입",,
2025-08-27,005490,POSCO홀딩스,BUY,1,294000,"Top10 #10 신규 진입",,
2025-08-27,000270,기아,BUY,1,103500,"재분배",,
2025-08-28,005490,POSCO홀딩스,SELL,1,288000,"순위 이탈 (매수 10위 → 11위)",-6087,-2.07
2025-08-28,105560,KB금융,BUY,1,109100,"Top10 #10 신규 진입",,
2025-08-28,105560,KB금융,BUY,1,109100,"재분배",,
2025-08-28,005930,삼성전자,BUY,1,69600,"재분배",,
2025-09-09,000660,SK하이닉스,SELL,1,282730,"트레일링 -2% (고점 288500)",31650,12.61
2025-09-09,000660,SK하이닉스,BUY,1,288000,"Top10 #9 신규 진입",,
2025-09-10,373220,LG에너지솔루션,SELL,1,340500,"순위 이탈 (매수 2위 → 3위)",-27606,-7.5
2025-09-10,373220,LG에너지솔루션,BUY,1,340500,"Top10 #3 신규 진입",,
2025-09-12,329180,HD현대중공업,SELL,1,510000,"순위 이탈 (매수 8위 → 9위)",19350,3.94
2025-09-12,000660,SK하이닉스,SELL,1,322910,"트레일링 -2% (고점 329500)",34818,12.09
2025-09-12,000660,SK하이닉스,BUY,1,328500,"Top10 #7 신규 진입",,
2025-09-12,329180,HD현대중공업,BUY,1,510000,"Top10 #9 신규 진입",,
2025-09-15,005930,삼성전자,SELL,10,76048,"트레일링 -2% (고점 77600)",76263,11.15
2025-09-15,005930,삼성전자,BUY,1,76500,"Top10 #1 신규 진입",,
2025-09-15,028260,삼성물산,BUY,1,195900,"#20 상승 (전일 22위→20위)",,
2025-09-15,005930,삼성전자,BUY,1,76500,"재분배",,
2025-09-15,005930,삼성전자,BUY,1,76500,"재분배",,
2025-09-15,000270,기아,BUY,1,101700,"재분배",,
2025-09-15,005930,삼성전자,BUY,1,76500,"재분배",,
2025-09-15,105560,KB금융,BUY,1,119600,"재분배",,
2025-09-17,000270,기아,SELL,3,101000,"순위 이탈 (매수 8위 → 9위)",-5792,-1.88
2025-09-17,000270,기아,BUY,1,101000,"Top10 #9 신규 진입",,
2025-09-17,000270,기아,BUY,1,101000,"재분배",,
2025-09-17,000270,기아,BUY,1,101000,"재분배",,
2025-09-22,028260,삼성물산,SELL,1,197700,"순위 이탈 (매수 20위 → 21위)",1741,0.89
2025-09-22,055550,신한지주,BUY,1,69500,"#13 상승 (전일 999위→13위)",,
2025-09-22,015760,한국전력,BUY,1,35900,"#14 상승 (전일 999위→14위)",,
2025-09-22,005935,삼성전자우,BUY,1,66700,"#16 상승 (전일 999위→16위)",,
2025-09-22,035720,카카오,BUY,1,66400,"재분배",,
2025-09-23,005930,삼성전자,SELL,4,84182,"트레일링 -2% (고점 85900)",30632,10.01
2025-09-23,005930,삼성전자,BUY,1,84700,"Top10 #1 신규 진입",,
2025-09-23,005930,삼성전자,BUY,1,84700,"재분배",,
2025-09-23,005930,삼성전자,BUY,1,84700,"재분배",,
2025-09-23,005930,삼성전자,BUY,1,84700,"재분배",,
2025-09-26,035720,카카오,SELL,12,59300,"순위 이탈 (매수 5위 → 6위)",-30118,-4.06
2025-09-29,035720,카카오,BUY,1,60300,"Top10 #6 신규 진입",,
2025-09-29,035720,카카오,BUY,1,60300,"재분배",,
2025-09-29,035720,카카오,BUY,1,60300,"재분배",,
2025-09-29,035720,카카오,BUY,1,60300,"재분배",,
2025-09-29,035720,카카오,BUY,1,60300,"재분배",,
2025-09-29,035720,카카오,BUY,1,60300,"재분배",,
2025-09-29,000270,기아,BUY,1,100700,"재분배",,
2025-09-29,005930,삼성전자,BUY,1,84200,"재분배",,
2025-09-29,105560,KB금융,BUY,1,115700,"재분배",,
2025-09-30,000270,기아,SELL,4,100700,"순위 이탈 (매수 8위 → 9위)",-1021,-0.25
2025-09-30,000270,기아,BUY,1,100700,"Top10 #9 신규 진입",,
2025-09-30,000270,기아,BUY,1,100700,"재분배",,
2025-09-30,000270,기아,BUY,1,100700,"재분배",,
2025-09-30,000270,기아,BUY,1,100700,"재분배",,
2025-10-02,373220,LG에너지솔루션,SELL,1,391020,"트레일링 -2% (고점 399000)",50410,14.8
2025-10-02,000660,SK하이닉스,SELL,1,396410,"트레일링 -2% (고점 404500)",67801,20.64
2025-10-02,015760,한국전력,SELL,1,35500,"순위 이탈 (매수 14위 → 15위)",-411,-1.14
2025-10-02,373220,LG에너지솔루션,BUY,1,399000,"Top10 #2 신규 진입",,
2025-10-02,000660,SK하이닉스,BUY,1,395500,"Top10 #7 신규 진입",,
2025-10-02,035720,카카오,BUY,1,59900,"재분배",,
2025-10-10,035720,카카오,SELL,7,62100,"순위 이탈 (매수 6위 → 7위)",12872,3.05
2025-10-10,035720,카카오,BUY,1,62100,"Top10 #7 신규 진입",,
2025-10-10,035720,카카오,BUY,1,62100,"재분배",,
2025-10-10,035720,카카오,BUY,1,62100,"재분배",,
2025-10-10,035720,카카오,BUY,1,62100,"재분배",,
2025-10-10,035720,카카오,BUY,1,62100,"재분배",,
2025-10-10,035720,카카오,BUY,1,62100,"재분배",,
2025-10-10,035720,카카오,BUY,1,62100,"재분배",,
2025-10-13,005935,삼성전자우,SELL,1,73402,"트레일링 -2% (고점 74900)",6681,10.01
2025-10-13,005930,삼성전자,SELL,5,92610,"트레일링 -2% (고점 94500)",39917,9.44
2025-10-13,005930,삼성전자,BUY,1,93300,"Top10 #1 신규 진입",,
2025-10-13,003670,포스코퓨처엠,BUY,1,157700,"#18 상승 (전일 20위→18위)",,
2025-10-13,005930,삼성전자,BUY,1,93300,"재분배",,
2025-10-13,005930,삼성전자,BUY,1,93300,"재분배",,
2025-10-13,005930,삼성전자,BUY,1,93300,"재분배",,
2025-10-15,003670,포스코퓨처엠,SELL,1,170961,"트레일링 -2% (고점 174450)",13212,8.38
2025-10-15,005930,삼성전자,BUY,1,95000,"재분배",,
2025-10-15,035720,카카오,BUY,1,59200,"재분배",,
2025-10-16,000270,기아,SELL,4,109858,"트레일링 -2% (고점 112100)",36506,9.06
2025-10-16,000660,SK하이닉스,SELL,1,445900,"트레일링 -2% (고점 455000)",50274,12.71
2025-10-16,000660,SK하이닉스,BUY,1,452500,"Top10 #5 신규 진입",,
2025-10-16,000270,기아,BUY,1,111300,"Top10 #8 신규 진입",,
2025-10-16,000270,기아,BUY,1,111300,"재분배",,
2025-10-16,000270,기아,BUY,1,111300,"재분배",,
2025-10-16,000270,기아,BUY,1,111300,"재분배",,
2025-10-17,105560,KB금융,SELL,4,114000,"순위 이탈 (매수 10위 → 11위)",2364,0.52
2025-10-17,055550,신한지주,SELL,1,73100,"순위 이탈 (매수 13위 → 14위)",3579,5.15
2025-10-17,051910,LG화학,BUY,1,339000,"Top10 #10 신규 진입",,
2025-10-17,000270,기아,BUY,1,112100,"재분배",,
2025-10-17,035720,카카오,BUY,1,58000,"재분배",,
2025-10-20,068270,셀트리온,SELL,3,168667,"순위 이탈 (매수 4위 → 5위)",-2724,-0.54
2025-10-20,051910,LG화학,SELL,1,347500,"순위 이탈 (매수 10위 → 11위)",8397,2.48
2025-10-20,068270,셀트리온,BUY,1,168667,"Top10 #5 신규 진입",,
2025-10-20,105560,KB금융,BUY,1,118200,"Top10 #10 신규 진입",,
2025-10-20,105560,KB금융,BUY,1,118200,"재분배",,
2025-10-20,068270,셀트리온,BUY,1,168667,"재분배",,
2025-10-20,105560,KB금융,BUY,1,118200,"재분배",,
2025-10-20,068270,셀트리온,BUY,1,168667,"재분배",,
2025-10-21,105560,KB금융,SELL,3,116500,"순위 이탈 (매수 10위 → 11위)",-5206,-1.47
2025-10-21,329180,HD현대중공업,SELL,1,555660,"트레일링 -2% (고점 567000)",45500,8.92
2025-10-21,035420,NAVER,SELL,2,254500,"순위 이탈 (매수 6위 → 7위)",-30157,-5.59
2025-10-21,035420,NAVER,BUY,1,254500,"Top10 #7 신규 진입",,
2025-10-21,329180,HD현대중공업,BUY,1,563000,"Top10 #9 신규 진입",,
2025-10-21,051910,LG화학,BUY,1,346000,"Top10 #10 신규 진입",,
2025-10-21,035420,NAVER,BUY,1,254500,"재분배",,
2025-10-22,373220,LG에너지솔루션,SELL,1,449330,"트레일링 -2% (고점 458500)",50203,12.58
2025-10-22,051910,LG화학,SELL,1,387590,"트레일링 -2% (고점 395500)",41480,11.99
2025-10-22,373220,LG에너지솔루션,BUY,1,454500,"Top10 #2 신규 진입",,
2025-10-22,051910,LG화학,BUY,1,391000,"Top10 #10 신규 진입",,
2025-10-23,000270,기아,SELL,5,115000,"순위 이탈 (매수 8위 → 9위)",17530,3.15
2025-10-23,000270,기아,BUY,1,115000,"Top10 #9 신규 진입",,
2025-10-23,000270,기아,BUY,1,115000,"재분배",,
2025-10-23,000270,기아,BUY,1,115000,"재분배",,
2025-10-23,000270,기아,BUY,1,115000,"재분배",,
2025-10-23,000270,기아,BUY,1,115000,"재분배",,
2025-10-24,000660,SK하이닉스,SELL,1,502740,"트레일링 -2% (고점 513000)",50097,11.07
2025-10-24,000660,SK하이닉스,BUY,1,510000,"Top10 #4 신규 진입",,
2025-10-27,207940,삼성바이오로직스,SELL,1,1824717,"트레일링 -2% (고점 1861956)",151353,9.05
2025-10-27,329180,HD현대중공업,SELL,1,627200,"트레일링 -2% (고점 640000)",64021,11.37
2025-10-27,207940,삼성바이오로직스,BUY,1,1857343,"Top10 #3 신규 진입",,
2025-10-27,051910,LG화학,BUY,1,404000,"재분배",,
2025-10-27,068270,셀트리온,BUY,1,169905,"재분배",,
2025-10-28,373220,LG에너지솔루션,SELL,1,499800,"트레일링 -2% (고점 510000)",45157,9.93
2025-10-28,373220,LG에너지솔루션,BUY,1,510000,"Top10 #2 신규 진입",,
2025-10-29,035720,카카오,SELL,9,68306,"트레일링 -2% (고점 69700)",62679,11.36
2025-10-29,035720,카카오,BUY,1,67700,"Top10 #6 신규 진입",,
2025-10-29,035720,카카오,BUY,1,67700,"재분배",,
2025-10-29,035720,카카오,BUY,1,67700,"재분배",,
2025-10-29,035720,카카오,BUY,1,67700,"재분배",,
2025-10-29,035720,카카오,BUY,1,67700,"재분배",,
2025-10-29,035720,카카오,BUY,1,67700,"재분배",,
2025-10-29,035720,카카오,BUY,1,67700,"재분배",,
2025-10-29,035720,카카오,BUY,1,67700,"재분배",,
2025-10-29,005930,삼성전자,BUY,1,100500,"재분배",,
2025-10-30,000660,SK하이닉스,SELL,1,567420,"트레일링 -2% (고점 579000)",57258,11.23
2025-10-30,000660,SK하이닉스,BUY,1,568000,"Top10 #4 신규 진입",,
2025-10-31,005930,삼성전자,SELL,6,106428,"트레일링 -2% (고점 108600)",69687,12.25
2025-10-31,035720,카카오,SELL,8,65100,"순위 이탈 (매수 6위 → 7위)",-20959,-3.87
2025-10-31,005930,삼성전자,BUY,1,107500,"Top10 #1 신규 진입",,
2025-10-31,035720,카카오,BUY,1,65100,"Top10 #7 신규 진입",,
2025-10-31,329180,HD현대중공업,BUY,1,600000,"Top10 #8 신규 진입",,
2025-10-31,005380,현대차,BUY,1,290000,"#13 상승 (전일 15위→13위)",,
2025-10-31,005935,삼성전자우,BUY,1,84400,"#14 상승 (전일 16위→14위)",,
2025-11-03,005935,삼성전자우,SELL,1,86800,"순위 이탈 (매수 14위 → 15위)",2374,2.81
2025-11-03,015760,한국전력,BUY,1,45100,"#14 상승 (전일 16위→14위)",,
2025-11-04,329180,HD현대중공업,SELL,1,567000,"순위 이탈 (매수 8위 → 9위)",-33175,-5.53
2025-11-04,005380,현대차,SELL,1,276000,"순위 이탈 (매수 13위 → 15위)",-14085,-4.86
2025-11-06,329180,HD현대중공업,BUY,1,525000,"Top10 #9 신규 진입",,
2025-11-06,035720,카카오,BUY,1,60700,"재분배",,
2025-11-06,005930,삼성전자,BUY,1,99200,"재분배",,
2025-11-06,035720,카카오,BUY,1,60700,"재분배",,
2025-11-06,035720,카카오,BUY,1,60700,"재분배",,
2025-11-06,035720,카카오,BUY,1,60700,"재분배",,
2025-11-12,051910,LG화학,SELL,2,393500,"순위 이탈 (매수 10위 → 11위)",-8237,-1.04
2025-11-12,105560,KB금융,BUY,1,134700,"Top10 #10 신규 진입",,
2025-11-12,105560,KB금융,BUY,1,134700,"재분배",,
2025-11-12,005930,삼성전자,BUY,1,103100,"재분배",,
2025-11-12,105560,KB금융,BUY,1,134700,"재분배",,
2025-11-12,005930,삼성전자,BUY,1,103100,"재분배",,
2025-11-12,035720,카카오,BUY,1,63800,"재분배",,
2025-11-12,035720,카카오,BUY,1,63800,"재분배",,
2025-11-12,035720,카카오,BUY,1,63800,"재분배",,
2025-11-13,105560,KB금융,SELL,3,133500,"순위 이탈 (매수 10위 → 11위)",-3721,-0.92
2025-11-13,051910,LG화학,BUY,1,419500,"Top10 #10 신규 진입",,
2025-11-14,329180,HD현대중공업,SELL,1,588000,"트레일링 -2% (고점 600000)",62833,11.97
2025-11-14,068270,셀트리온,SELL,4,189933,"트레일링 -2% (고점 193810)",83613,12.37
2025-11-17,068270,셀트리온,BUY,1,180857,"Top10 #5 신규 진입",,
2025-11-17,329180,HD현대중공업,BUY,1,603000,"Top10 #8 신규 진입",,
2025-11-17,068270,셀트리온,BUY,1,180857,"재분배",,
2025-11-17,068270,셀트리온,BUY,1,180857,"재분배",,
2025-11-17,005930,삼성전자,BUY,1,100600,"재분배",,
2025-11-17,035720,카카오,BUY,1,60700,"재분배",,
2025-11-21,329180,HD현대중공업,SELL,1,555000,"순위 이탈 (매수 8위 → 9위)",-48174,-7.99
2025-11-24,329180,HD현대중공업,BUY,1,552000,"Top10 #9 신규 진입",,
2025-11-25,015760,한국전력,SELL,1,50960,"트레일링 -2% (고점 52000)",5846,12.96
2025-11-25,051910,LG화학,SELL,1,363000,"순위 이탈 (매수 10위 → 11위)",-56617,-13.49
2025-11-25,015760,한국전력,BUY,1,51500,"Top10 #10 신규 진입",,
2025-11-25,015760,한국전력,BUY,1,51500,"재분배",,
2025-11-25,015760,한국전력,BUY,1,51500,"재분배",,
2025-11-25,015760,한국전력,BUY,1,51500,"재분배",,
2025-11-25,015760,한국전력,BUY,1,51500,"재분배",,
2025-11-25,015760,한국전력,BUY,1,51500,"재분배",,
2025-11-25,015760,한국전력,BUY,1,51500,"재분배",,
2025-11-25,015760,한국전력,BUY,1,51500,"재분배",,
2025-11-26,015760,한국전력,SELL,8,52800,"순위 이탈 (매수 10위 → 11위)",10275,2.49
2025-11-26,051910,LG화학,BUY,1,397000,"Top10 #10 신규 진입",,
2025-11-26,035720,카카오,BUY,1,61000,"재분배",,
2025-12-01,051910,LG화학,SELL,1,372000,"순위 이탈 (매수 10위 → 11위)",-25115,-6.33
2025-12-01,105560,KB금융,BUY,1,126300,"Top10 #10 신규 진입",,
2025-12-01,105560,KB금융,BUY,1,126300,"재분배",,
2025-12-01,105560,KB금융,BUY,1,126300,"재분배",,
2025-12-08,105560,KB금융,SELL,3,127900,"순위 이탈 (매수 10위 → 11위)",4686,1.24
2025-12-08,051910,LG화학,BUY,1,386500,"Top10 #10 신규 진입",,
2025-12-11,051910,LG화학,SELL,1,365500,"순위 이탈 (매수 10위 → 11위)",-21113,-5.46
2025-12-11,105560,KB금융,BUY,1,124800,"Top10 #10 신규 진입",,
2025-12-11,105560,KB금융,BUY,1,124800,"재분배",,
2025-12-11,005930,삼성전자,BUY,1,107300,"재분배",,
2025-12-26,005930,삼성전자,SELL,6,114660,"트레일링 -2% (고점 117000)",66964,10.79
2025-12-26,005930,삼성전자,BUY,1,117000,"Top10 #1 신규 진입",,
2025-12-26,015760,한국전력,BUY,1,48500,"#11 상승 (전일 13위→11위)",,
2025-12-26,005930,삼성전자,BUY,1,117000,"재분배",,
2025-12-26,005930,삼성전자,BUY,1,117000,"재분배",,
2025-12-26,105560,KB금융,BUY,1,124600,"재분배",,
2025-12-26,005930,삼성전자,BUY,1,117000,"재분배",,
2025-12-29,000660,SK하이닉스,SELL,1,633080,"트레일링 -2% (고점 646000)",64900,11.42
2025-12-29,015760,한국전력,SELL,1,47250,"순위 이탈 (매수 11위 → 13위)",-1264,-2.61
2025-12-29,000660,SK하이닉스,BUY,1,640000,"Top10 #4 신규 진입",,
2025-12-29,035720,카카오,BUY,1,61200,"재분배",,
2026-01-02,373220,LG에너지솔루션,SELL,1,361000,"순위 이탈 (매수 2위 → 3위)",-149131,-29.24
2026-01-02,373220,LG에너지솔루션,BUY,1,361000,"Top10 #3 신규 진입",,
2026-01-05,068270,셀트리온,SELL,3,197867,"트레일링 -2% (고점 201905)",50858,9.37
2026-01-05,005930,삼성전자,SELL,4,135828,"트레일링 -2% (고점 138600)",75160,16.06
2026-01-05,005930,삼성전자,BUY,1,138100,"Top10 #1 신규 진입",,
2026-01-05,068270,셀트리온,BUY,1,199524,"Top10 #5 신규 진입",,
2026-01-05,005930,삼성전자,BUY,1,138100,"재분배",,
2026-01-05,068270,셀트리온,BUY,1,199524,"재분배",,
2026-01-05,005930,삼성전자,BUY,1,138100,"재분배",,
2026-01-05,105560,KB금융,BUY,1,126800,"재분배",,
2026-01-05,068270,셀트리온,BUY,1,199524,"재분배",,
2026-01-06,000660,SK하이닉스,SELL,1,712460,"트레일링 -2% (고점 727000)",72257,11.29
2026-01-06,000660,SK하이닉스,BUY,1,726000,"Top10 #4 신규 진입",,
2026-01-07,105560,KB금융,SELL,4,124700,"순위 이탈 (매수 10위 → 12위)",-2350,-0.47
2026-01-07,000270,기아,SELL,5,127890,"트레일링 -2% (고점 130500)",64268,11.18
2026-01-07,035720,카카오,SELL,11,59300,"순위 이탈 (매수 6위 → 7위)",-30100,-4.41
2026-01-07,035720,카카오,BUY,1,59300,"Top10 #7 신규 진입",,
2026-01-07,000270,기아,BUY,1,129300,"Top10 #8 신규 진입",,
2026-01-07,005380,현대차,BUY,1,350500,"Top10 #10 신규 진입",,
2026-01-07,035720,카카오,BUY,1,59300,"재분배",,
2026-01-07,035720,카카오,BUY,1,59300,"재분배",,
2026-01-07,000270,기아,BUY,1,129300,"재분배",,
2026-01-07,035720,카카오,BUY,1,59300,"재분배",,
2026-01-07,035720,카카오,BUY,1,59300,"재분배",,
2026-01-07,000270,기아,BUY,1,129300,"재분배",,
2026-01-07,035720,카카오,BUY,1,59300,"재분배",,
2026-01-07,005380,현대차,BUY,1,350500,"재분배",,
2026-01-07,035720,카카오,BUY,1,59300,"재분배",,
2026-01-07,000270,기아,BUY,1,129300,"재분배",,
2026-01-07,035720,카카오,BUY,1,59300,"재분배",,
2026-01-07,035720,카카오,BUY,1,59300,"재분배",,
2026-01-09,329180,HD현대중공업,SELL,1,596820,"트레일링 -2% (고점 609000)",44648,8.09
2026-01-09,035720,카카오,SELL,9,58200,"순위 이탈 (매수 7위 → 8위)",-10059,-1.88
2026-01-09,035720,카카오,BUY,1,58200,"Top10 #8 신규 진입",,
2026-01-09,329180,HD현대중공업,BUY,1,609000,"Top10 #9 신규 진입",,
2026-01-09,035720,카카오,BUY,1,58200,"재분배",,
2026-01-09,035720,카카오,BUY,1,58200,"재분배",,
2026-01-09,035720,카카오,BUY,1,58200,"재분배",,
2026-01-09,035720,카카오,BUY,1,58200,"재분배",,
2026-01-09,035720,카카오,BUY,1,58200,"재분배",,
2026-01-09,035720,카카오,BUY,1,58200,"재분배",,
2026-01-09,035720,카카오,BUY,1,58200,"재분배",,
2026-01-09,035720,카카오,BUY,1,58200,"재분배",,
2026-01-13,005380,현대차,SELL,2,405230,"트레일링 -2% (고점 413500)",109233,15.58
2026-01-13,005380,현대차,BUY,1,406000,"Top10 #10 신규 진입",,
2026-01-13,015760,한국전력,BUY,1,55700,"#11 상승 (전일 13위→11위)",,
2026-01-13,005490,POSCO홀딩스,BUY,1,352500,"#12 상승 (전일 14위→12위)",,
2026-01-14,000270,기아,SELL,4,143374,"트레일링 -2% (고점 146300)",56132,10.85
2026-01-14,015760,한국전력,SELL,1,53600,"순위 이탈 (매수 11위 → 12위)",-2116,-3.8
2026-01-14,005490,POSCO홀딩스,SELL,1,345000,"순위 이탈 (매수 12위 → 13위)",-7605,-2.16
2026-01-14,000270,기아,BUY,1,143000,"Top10 #6 신규 진입",,
2026-01-14,105560,KB금융,BUY,1,128900,"#11 상승 (전일 13위→11위)",,
2026-01-14,028260,삼성물산,BUY,1,283500,"#17 상승 (전일 19위→17위)",,
2026-01-14,000270,기아,BUY,1,143000,"재분배",,
2026-01-14,000270,기아,BUY,1,143000,"재분배",,
2026-01-14,005930,삼성전자,BUY,1,140300,"재분배",,
2026-01-15,105560,KB금융,SELL,1,130100,"순위 이탈 (매수 11위 → 13위)",1161,0.9
2026-01-15,005935,삼성전자우,BUY,1,106800,"#12 상승 (전일 14위→12위)",,
2026-01-19,373220,LG에너지솔루션,SELL,1,392980,"트레일링 -2% (고점 401000)",31867,8.83
2026-01-19,035420,NAVER,SELL,2,238000,"순위 이탈 (매수 7위 → 9위)",-33148,-6.51
2026-01-19,035720,카카오,SELL,9,56600,"순위 이탈 (매수 8위 → 10위)",-14555,-2.78
2026-01-19,005380,현대차,SELL,1,477260,"트레일링 -2% (고점 487000)",71128,17.52
2026-01-19,000270,기아,SELL,3,167286,"트레일링 -2% (고점 170700)",72718,16.95
2026-01-19,373220,LG에너지솔루션,BUY,1,398500,"Top10 #3 신규 진입",,
2026-01-19,000270,기아,BUY,1,169500,"Top10 #6 신규 진입",,
2026-01-19,005380,현대차,BUY,1,480000,"Top10 #7 신규 진입",,
2026-01-19,035420,NAVER,BUY,1,238000,"Top10 #9 신규 진입",,
2026-01-19,035720,카카오,BUY,1,56600,"Top10 #10 신규 진입",,
2026-01-19,035720,카카오,BUY,1,56600,"재분배",,
2026-01-19,035720,카카오,BUY,1,56600,"재분배",,
2026-01-19,000270,기아,BUY,1,169500,"재분배",,
2026-01-19,035720,카카오,BUY,1,56600,"재분배",,
2026-01-19,035720,카카오,BUY,1,56600,"재분배",,
2026-01-19,035420,NAVER,BUY,1,238000,"재분배",,
2026-01-19,035720,카카오,BUY,1,56600,"재분배",,
2026-01-19,000270,기아,BUY,1,169500,"재분배",,
2026-01-19,035720,카카오,BUY,1,56600,"재분배",,
2026-01-19,035720,카카오,BUY,1,56600,"재분배",,
2026-01-19,035720,카카오,BUY,1,56600,"재분배",,
2026-01-20,329180,HD현대중공업,SELL,1,641000,"순위 이탈 (매수 9위 → 10위)",31813,5.22
2026-01-20,005935,삼성전자우,SELL,1,107100,"순위 이탈 (매수 12위 → 14위)",268,0.25
2026-01-20,329180,HD현대중공업,BUY,1,641000,"Top10 #10 신규 진입",,
2026-01-20,035720,카카오,BUY,1,59000,"재분배",,
2026-01-20,035720,카카오,BUY,1,59000,"재분배",,
2026-01-21,005380,현대차,SELL,1,539980,"트레일링 -2% (고점 551000)",59827,12.46
2026-01-21,035720,카카오,SELL,11,57300,"순위 이탈 (매수 9위 → 10위)",2711,0.43
2026-01-21,005380,현대차,BUY,1,549000,"Top10 #7 신규 진입",,
2026-01-21,035720,카카오,BUY,1,57300,"Top10 #10 신규 진입",,
2026-01-21,035720,카카오,BUY,1,57300,"재분배",,
2026-01-21,035720,카카오,BUY,1,57300,"재분배",,
2026-01-21,035720,카카오,BUY,1,57300,"재분배",,
2026-01-21,035720,카카오,BUY,1,57300,"재분배",,
2026-01-21,035720,카카오,BUY,1,57300,"재분배",,
2026-01-21,035720,카카오,BUY,1,57300,"재분배",,
2026-01-21,035720,카카오,BUY,1,57300,"재분배",,
2026-01-21,035720,카카오,BUY,1,57300,"재분배",,
2026-01-21,035720,카카오,BUY,1,57300,"재분배",,
2026-01-21,035720,카카오,BUY,1,57300,"재분배",,
2026-01-22,028260,삼성물산,SELL,1,297500,"순위 이탈 (매수 17위 → 18위)",13913,4.91
2026-01-22,003670,포스코퓨처엠,BUY,1,217000,"#17 상승 (전일 19위→17위)",,
2026-01-22,035720,카카오,BUY,1,58400,"재분배",,
2026-01-23,035420,NAVER,SELL,2,264110,"트레일링 -2% (고점 269500)",52069,10.94
2026-01-23,035420,NAVER,BUY,1,266000,"Top10 #8 신규 진입",,
2026-01-23,035420,NAVER,BUY,1,266000,"재분배",,
2026-01-26,005380,현대차,SELL,1,492500,"순위 이탈 (매수 7위 → 8위)",-56656,-10.32
2026-01-26,005380,현대차,BUY,1,492500,"Top10 #8 신규 진입",,
2026-01-27,005930,삼성전자,SELL,4,156310,"트레일링 -2% (고점 159500)",70463,12.7
2026-01-27,000660,SK하이닉스,SELL,1,784000,"트레일링 -2% (고점 800000)",57774,7.96
2026-01-27,005930,삼성전자,BUY,1,159500,"Top10 #1 신규 진입",,
2026-01-27,000660,SK하이닉스,BUY,1,800000,"Top10 #4 신규 진입",,
2026-01-27,005930,삼성전자,BUY,1,159500,"재분배",,
2026-01-27,005930,삼성전자,BUY,1,159500,"재분배",,
2026-01-27,000270,기아,BUY,1,153500,"재분배",,
2026-01-28,003670,포스코퓨처엠,SELL,1,235690,"트레일링 -2% (고점 240500)",18622,8.58
2026-01-28,005935,삼성전자우,BUY,1,117900,"#11 상승 (전일 13위→11위)",,
2026-01-28,035720,카카오,BUY,1,61800,"재분배",,
2026-01-28,035720,카카오,BUY,1,61800,"재분배",,
2026-01-29,005935,삼성전자우,SELL,1,115600,"순위 이탈 (매수 11위 → 12위)",-2335,-1.98
2026-01-29,035720,카카오,BUY,1,61800,"재분배",,
2026-01-30,000660,SK하이닉스,SELL,1,912380,"트레일링 -2% (고점 931000)",112123,14.01
2026-01-30,000660,SK하이닉스,BUY,1,909000,"Top10 #4 신규 진입",,
2026-01-30,035720,카카오,BUY,1,61400,"재분배",,
2026-02-05,329180,HD현대중공업,SELL,1,550000,"순위 이탈 (매수 10위 → 11위)",-91179,-14.22
2026-02-06,105560,KB금융,BUY,1,149300,"Top10 #10 신규 진입",,
2026-02-06,105560,KB금융,BUY,1,149300,"재분배",,
2026-02-06,105560,KB금융,BUY,1,149300,"재분배",,
2026-02-06,035720,카카오,BUY,1,56200,"재분배",,
2026-02-09,068270,셀트리온,SELL,3,219048,"KOSPI +4.10% + 수익 +9.77%",58383,9.75
2026-02-09,068270,셀트리온,BUY,1,219048,"Top10 #5 신규 진입",,
2026-02-09,068270,셀트리온,BUY,1,219048,"재분배",,
2026-02-09,068270,셀트리온,BUY,1,219048,"재분배",,
2026-02-11,105560,KB금융,SELL,3,161700,"트레일링 -2% (고점 165000)",37060,8.27
2026-02-11,105560,KB금융,BUY,1,164500,"Top10 #10 신규 진입",,
2026-02-11,105560,KB금융,BUY,1,164500,"재분배",,
2026-02-11,105560,KB금융,BUY,1,164500,"재분배",,
2026-02-12,005930,삼성전자,SELL,3,176008,"트레일링 -2% (고점 179600)",49373,10.32
2026-02-12,005930,삼성전자,BUY,1,178600,"Top10 #1 신규 진입",,
2026-02-12,005935,삼성전자우,BUY,1,122100,"#11 상승 (전일 13위→11위)",,
2026-02-12,055550,신한지주,BUY,1,106000,"#12 상승 (전일 14위→12위)",,
2026-02-12,035720,카카오,BUY,1,58800,"재분배",,
2026-02-12,035720,카카오,BUY,1,58800,"재분배",,
2026-02-13,055550,신한지주,SELL,1,102500,"순위 이탈 (매수 12위 → 13위)",-3531,-3.33
2026-02-13,035720,카카오,BUY,1,57400,"재분배",,
2026-02-13,035720,카카오,BUY,1,57400,"재분배",,
2026-02-20,005935,삼성전자우,SELL,1,132888,"트레일링 -2% (고점 135600)",10750,8.8
2026-02-20,035720,카카오,BUY,1,57900,"재분배",,
2026-02-20,035720,카카오,BUY,1,57900,"재분배",,
2026-02-24,105560,KB금융,SELL,3,166700,"순위 이탈 (매수 10위 → 11위)",6451,1.31
2026-02-24,035720,카카오,SELL,23,57900,"순위 이탈 (매수 9위 → 10위)",-8601,-0.64
2026-02-24,000660,SK하이닉스,SELL,1,984900,"트레일링 -2% (고점 1005000)",75616,8.32
2026-02-24,005930,삼성전자,SELL,1,196000,"트레일링 -2% (고점 200000)",17344,9.71
2026-02-24,005930,삼성전자,BUY,1,200000,"Top10 #1 신규 진입",,
2026-02-24,000660,SK하이닉스,BUY,1,1005000,"Top10 #4 신규 진입",,
2026-02-24,005935,삼성전자우,BUY,1,140900,"Top10 #9 신규 진입",,
2026-02-24,035720,카카오,BUY,1,57900,"Top10 #10 신규 진입",,
2026-02-24,035720,카카오,BUY,1,57900,"재분배",,
2026-02-24,035720,카카오,BUY,1,57900,"재분배",,
2026-02-24,005935,삼성전자우,BUY,1,140900,"재분배",,
2026-02-24,035720,카카오,BUY,1,57900,"재분배",,
2026-02-24,005930,삼성전자,BUY,1,200000,"재분배",,
2026-02-24,035720,카카오,BUY,1,57900,"재분배",,
2026-02-24,005935,삼성전자우,BUY,1,140900,"재분배",,
2026-02-24,035720,카카오,BUY,1,57900,"재분배",,
2026-02-24,035720,카카오,BUY,1,57900,"재분배",,
2026-02-24,005930,삼성전자,BUY,1,200000,"재분배",,
2026-02-24,035720,카카오,BUY,1,57900,"재분배",,
2026-02-24,373220,LG에너지솔루션,BUY,1,412500,"재분배",,
2026-02-24,005935,삼성전자우,BUY,1,140900,"재분배",,
2026-02-25,000270,기아,SELL,4,195902,"트레일링 -2% (고점 199900)",121391,18.33
2026-02-25,005380,현대차,SELL,1,572320,"트레일링 -2% (고점 584000)",79660,16.17
2026-02-25,000270,기아,BUY,1,196100,"Top10 #6 신규 진입",,
2026-02-25,005380,현대차,BUY,1,572000,"Top10 #7 신규 진입",,
2026-02-25,000270,기아,BUY,1,196100,"재분배",,
2026-02-25,000270,기아,BUY,1,196100,"재분배",,
2026-02-25,035720,카카오,BUY,1,57400,"재분배",,
2026-02-25,035720,카카오,BUY,1,57400,"재분배",,
2026-02-25,035720,카카오,BUY,1,57400,"재분배",,
2026-02-27,035420,NAVER,SELL,2,254500,"순위 이탈 (매수 8위 → 9위)",-23156,-4.35
2026-02-27,005935,삼성전자우,SELL,4,143800,"순위 이탈 (매수 9위 → 10위)",11429,2.03
2026-02-27,005380,현대차,SELL,1,673260,"트레일링 -2% (고점 687000)",101073,17.67
2026-02-27,005380,현대차,BUY,1,674000,"Top10 #7 신규 진입",,
2026-02-27,035420,NAVER,BUY,1,254500,"Top10 #9 신규 진입",,
2026-02-27,005935,삼성전자우,BUY,1,143800,"Top10 #10 신규 진입",,
2026-02-27,051910,LG화학,BUY,1,417500,"#14 상승 (전일 16위→14위)",,
2026-02-27,005935,삼성전자우,BUY,1,143800,"재분배",,
2026-02-27,005935,삼성전자우,BUY,1,143800,"재분배",,
2026-03-03,051910,LG화학,SELL,1,361000,"순위 이탈 (매수 14위 → 15위)",-56617,-13.56
2026-03-05,096770,SK이노베이션,BUY,1,126500,"#20 상승 (전일 22위→20위)",,
2026-03-05,035420,NAVER,BUY,1,220000,"재분배",,
2026-03-06,096770,SK이노베이션,SELL,1,124900,"순위 이탈 (매수 20위 → 21위)",-1638,-1.29
2026-03-06,005935,삼성전자우,BUY,1,128000,"재분배",,
2026-03-09,035720,카카오,SELL,11,50400,"순위 이탈 (매수 10위 → 11위)",-81178,-12.77
2026-03-10,035420,NAVER,SELL,2,220500,"순위 이탈 (매수 8위 → 9위)",-33637,-7.09
2026-03-10,035420,NAVER,BUY,1,220500,"Top10 #9 신규 진입",,
2026-03-10,329180,HD현대중공업,BUY,1,583000,"Top10 #10 신규 진입",,
2026-03-10,000270,기아,BUY,1,161000,"재분배",,
2026-03-12,035420,NAVER,SELL,1,222000,"순위 이탈 (매수 9위 → 10위)",1434,0.65
2026-03-12,035420,NAVER,BUY,1,222000,"Top10 #10 신규 진입",,
2026-03-18,207940,삼성바이오로직스,SELL,1,1626000,"순위 이탈 (매수 3위 → 4위)",-231866,-12.48
2026-03-18,000660,SK하이닉스,SELL,1,1056000,"KOSPI +5.04% + 수익 +5.06%",50691,5.04
2026-03-18,005935,삼성전자우,SELL,4,149100,"KOSPI +5.04% + 수익 +6.60%",36827,6.58
2026-03-18,000660,SK하이닉스,BUY,1,1056000,"Top10 #3 신규 진입",,
2026-03-18,207940,삼성바이오로직스,BUY,1,1626000,"Top10 #4 신규 진입",,
2026-03-18,005935,삼성전자우,BUY,1,149100,"Top10 #8 신규 진입",,
2026-03-18,005935,삼성전자우,BUY,1,149100,"재분배",,
2026-03-18,035420,NAVER,BUY,1,226500,"재분배",,
2026-03-19,329180,HD현대중공업,SELL,1,567000,"순위 이탈 (매수 10위 → 11위)",-16172,-2.77
2026-03-20,000660,SK하이닉스,SELL,1,1007000,"순위 이탈 (매수 3위 → 4위)",-49309,-4.67
2026-03-20,000660,SK하이닉스,BUY,1,1007000,"Top10 #4 신규 진입",,
2026-03-20,105560,KB금융,BUY,1,155200,"Top10 #10 신규 진입",,
2026-03-20,105560,KB금융,BUY,1,155200,"재분배",,
2026-03-20,005935,삼성전자우,BUY,1,139200,"재분배",,
2026-03-20,105560,KB금융,BUY,1,155200,"재분배",,
2026-03-26,035420,NAVER,SELL,2,211500,"순위 이탈 (매수 9위 → 10위)",-25631,-5.71
2026-03-27,035420,NAVER,BUY,1,211500,"Top10 #10 신규 진입",,
2026-03-27,035420,NAVER,BUY,1,211500,"재분배",,
2026-03-31,005935,삼성전자우,SELL,3,114000,"순위 이탈 (매수 8위 → 10위)",-95517,-21.83
2026-04-01,005935,삼성전자우,BUY,1,127500,"Top10 #8 신규 진입",,
2026-04-01,055550,신한지주,BUY,1,92800,"#12 상승 (전일 14위→12위)",,
2026-04-01,005935,삼성전자우,BUY,1,127500,"재분배",,
2026-04-02,005935,삼성전자우,SELL,2,118600,"순위 이탈 (매수 8위 → 9위)",-17874,-7.01
2026-04-03,055550,신한지주,SELL,1,91800,"순위 이탈 (매수 12위 → 13위)",-1028,-1.11
2026-04-03,005935,삼성전자우,BUY,1,124400,"Top10 #8 신규 진입",,
2026-04-03,005935,삼성전자우,BUY,1,124400,"재분배",,
2026-04-03,005935,삼성전자우,BUY,1,124400,"재분배",,
2026-04-08,005930,삼성전자,SELL,3,210500,"KOSPI +6.87% + 수익 +5.23%",31315,5.22
2026-04-08,005935,삼성전자우,SELL,3,137690,"트레일링 -2% (고점 140500)",39752,10.65
2026-04-08,005930,삼성전자,BUY,1,210500,"Top10 #1 신규 진입",,
2026-04-08,005935,삼성전자우,BUY,1,139600,"Top10 #8 신규 진입",,
2026-04-08,005935,삼성전자우,BUY,1,139600,"재분배",,
2026-04-08,005930,삼성전자,BUY,1,210500,"재분배",,
2026-04-08,005935,삼성전자우,BUY,1,139600,"재분배",,
2026-04-08,035420,NAVER,BUY,1,201500,"재분배",,
2026-04-15,000660,SK하이닉스,SELL,1,1149540,"트레일링 -2% (고점 1173000)",142217,14.12
2026-04-15,000660,SK하이닉스,BUY,1,1136000,"Top10 #3 신규 진입",,
2026-04-21,373220,LG에너지솔루션,SELL,2,468440,"트레일링 -2% (고점 478000)",125618,15.49
2026-04-21,035420,NAVER,SELL,3,214000,"순위 이탈 (매수 10위 → 12위)",17310,2.77
2026-04-21,373220,LG에너지솔루션,BUY,1,478000,"Top10 #2 신규 진입",,
2026-04-21,005490,POSCO홀딩스,BUY,1,421500,"Top10 #10 신규 진입",,
2026-04-21,329180,HD현대중공업,BUY,1,576000,"#11 상승 (전일 14위→11위)",,
2026-04-21,005935,삼성전자우,BUY,1,150400,"재분배",,
2026-04-22,329180,HD현대중공업,SELL,1,630140,"트레일링 -2% (고점 643000)",53959,9.37
2026-04-22,005490,POSCO홀딩스,SELL,1,418500,"순위 이탈 (매수 10위 → 11위)",-3126,-0.74
2026-04-22,329180,HD현대중공업,BUY,1,641000,"Top10 #9 신규 진입",,
2026-04-22,005930,삼성전자,BUY,1,217500,"재분배",,
2026-04-22,105560,KB금융,BUY,1,157400,"재분배",,
2026-04-27,005935,삼성전자우,SELL,4,158662,"트레일링 -2% (고점 161900)",65267,11.46
2026-04-27,000660,SK하이닉스,SELL,1,1290660,"트레일링 -2% (고점 1317000)",154296,13.58
2026-04-27,000660,SK하이닉스,BUY,1,1292000,"Top10 #3 신규 진입",,
2026-04-27,005935,삼성전자우,BUY,1,160100,"Top10 #8 신규 진입",,
2026-04-27,005935,삼성전자우,BUY,1,160100,"재분배",,
2026-04-27,005935,삼성전자우,BUY,1,160100,"재분배",,
2026-04-27,005935,삼성전자우,BUY,1,160100,"재분배",,
2026-04-28,105560,KB금융,SELL,4,158800,"순위 이탈 (매수 10위 → 11위)",12011,1.93
2026-04-28,000270,기아,SELL,4,155600,"순위 이탈 (매수 6위 → 7위)",-127106,-16.96
2026-04-28,000270,기아,BUY,1,155600,"Top10 #7 신규 진입",,
2026-04-28,005490,POSCO홀딩스,BUY,1,466500,"Top10 #10 신규 진입",,
2026-04-28,000270,기아,BUY,1,155600,"재분배",,
2026-04-28,000270,기아,BUY,1,155600,"재분배",,
2026-04-28,000270,기아,BUY,1,155600,"재분배",,
2026-04-28,068270,셀트리온,BUY,1,197143,"재분배",,
2026-05-04,329180,HD현대중공업,SELL,1,680000,"순위 이탈 (매수 9위 → 10위)",38802,6.05
2026-05-04,373220,LG에너지솔루션,SELL,1,472000,"순위 이탈 (매수 2위 → 3위)",-6142,-1.28
2026-05-04,005930,삼성전자,SELL,3,232500,"KOSPI +5.12% + 수익 +9.22%",58800,9.21
2026-05-04,000660,SK하이닉스,SELL,1,1421000,"트레일링 -2% (고점 1450000)",128593,9.95
2026-05-04,005935,삼성전자우,SELL,4,169600,"KOSPI +5.12% + 수익 +5.92%",37802,5.9
2026-05-04,000270,기아,SELL,4,154000,"순위 이탈 (매수 7위 → 8위)",-6586,-1.06
2026-05-04,005490,POSCO홀딩스,SELL,1,502000,"KOSPI +5.12% + 수익 +7.59%",35355,7.58
2026-05-04,005930,삼성전자,BUY,1,232500,"Top10 #1 신규 진입",,
2026-05-04,000660,SK하이닉스,BUY,1,1447000,"Top10 #2 신규 진입",,
2026-05-04,373220,LG에너지솔루션,BUY,1,472000,"Top10 #3 신규 진입",,
2026-05-04,005935,삼성전자우,BUY,1,169600,"Top10 #6 신규 진입",,
2026-05-04,000270,기아,BUY,1,154000,"Top10 #8 신규 진입",,
2026-05-04,005490,POSCO홀딩스,BUY,1,502000,"Top10 #9 신규 진입",,
2026-05-04,329180,HD현대중공업,BUY,1,680000,"Top10 #10 신규 진입",,
2026-05-04,051910,LG화학,BUY,1,429000,"#13 상승 (전일 15위→13위)",,
2026-05-04,028260,삼성물산,BUY,1,320000,"#19 상승 (전일 21위→19위)",,
2026-05-04,000270,기아,BUY,1,154000,"재분배",,
2026-05-04,005935,삼성전자우,BUY,1,169600,"재분배",,
2026-05-04,005930,삼성전자,BUY,1,232500,"재분배",,
2026-05-06,005930,삼성전자,SELL,2,264600,"트레일링 -2% (고점 270000)",64051,13.77
2026-05-06,000660,SK하이닉스,SELL,1,1581720,"트레일링 -2% (고점 1614000)",134266,9.28
2026-05-06,005935,삼성전자우,SELL,2,188062,"트레일링 -2% (고점 191900)",36817,10.85
2026-05-06,028260,삼성물산,SELL,1,378280,"트레일링 -2% (고점 386000)",58175,18.18
2026-05-06,005930,삼성전자,BUY,1,266000,"Top10 #1 신규 진입",,
2026-05-06,000660,SK하이닉스,BUY,1,1601000,"Top10 #2 신규 진입",,
2026-05-06,005935,삼성전자우,BUY,1,189300,"Top10 #6 신규 진입",,
2026-05-06,028260,삼성물산,BUY,1,375500,"#17 상승 (전일 19위→17위)",,
2026-05-06,005935,삼성전자우,BUY,1,189300,"재분배",,
2026-05-06,005930,삼성전자,BUY,1,266000,"재분배",,
2026-05-08,005935,삼성전자우,SELL,2,182700,"순위 이탈 (매수 6위 → 7위)",-13312,-3.52
2026-05-08,028260,삼성물산,SELL,1,423360,"트레일링 -2% (고점 432000)",47740,12.71
2026-05-08,005935,삼성전자우,BUY,1,182700,"Top10 #7 신규 진입",,
2026-05-08,012330,현대모비스,BUY,1,509000,"#20 상승 (전일 22위→20위)",,
2026-05-08,005935,삼성전자우,BUY,1,182700,"재분배",,
2026-05-11,068270,셀트리온,SELL,4,182190,"순위 이탈 (매수 5위 → 8위)",-125761,-14.72
2026-05-11,000270,기아,SELL,2,175224,"트레일링 -2% (고점 178800)",42349,13.75
2026-05-11,005930,삼성전자,SELL,2,285500,"KOSPI +4.32% + 수익 +7.31%",38835,7.3
2026-05-11,000660,SK하이닉스,SELL,1,1910020,"트레일링 -2% (고점 1949000)",308493,19.27
2026-05-11,005935,삼성전자우,SELL,2,194900,"KOSPI +4.32% + 수익 +6.66%",24287,6.65
2026-05-11,012330,현대모비스,SELL,1,553000,"KOSPI +4.32% + 수익 +8.63%",43841,8.61
2026-05-11,005930,삼성전자,BUY,1,285500,"Top10 #1 신규 진입",,
2026-05-11,000660,SK하이닉스,BUY,1,1880000,"Top10 #2 신규 진입",,
2026-05-11,005935,삼성전자우,BUY,1,194900,"Top10 #6 신규 진입",,
2026-05-11,000270,기아,BUY,1,174700,"Top10 #7 신규 진입",,
2026-05-11,068270,셀트리온,BUY,1,182190,"Top10 #8 신규 진입",,
2026-05-11,028260,삼성물산,BUY,1,452000,"#14 상승 (전일 16위→14위)",,
2026-05-11,000270,기아,BUY,1,174700,"재분배",,
2026-05-11,068270,셀트리온,BUY,1,182190,"재분배",,
2026-05-11,005935,삼성전자우,BUY,1,194900,"재분배",,
2026-05-11,005930,삼성전자,BUY,1,285500,"재분배",,
2026-05-11,000270,기아,BUY,1,174700,"재분배",,
2026-05-11,068270,셀트리온,BUY,1,182190,"재분배",,
2026-05-12,005490,POSCO홀딩스,SELL,1,479000,"순위 이탈 (매수 9위 → 10위)",-23147,-4.61
2026-05-12,051910,LG화학,SELL,1,388500,"순위 이탈 (매수 13위 → 15위)",-40623,-9.47
2026-05-12,005935,삼성전자우,SELL,2,187000,"순위 이탈 (매수 6위 → 7위)",-15915,-4.08
2026-05-12,000270,기아,SELL,3,168300,"순위 이탈 (매수 7위 → 8위)",-19354,-3.69
2026-05-13,028260,삼성물산,SELL,1,428500,"순위 이탈 (매수 14위 → 15위)",-23632,-5.23
2026-05-13,000270,기아,BUY,1,179500,"Top10 #6 신규 진입",,
2026-05-13,005935,삼성전자우,BUY,1,189100,"Top10 #7 신규 진입",,
2026-05-13,005490,POSCO홀딩스,BUY,1,478500,"Top10 #10 신규 진입",,
2026-05-13,012330,현대모비스,BUY,1,649000,"#17 상승 (전일 19위→17위)",,
2026-05-13,000270,기아,BUY,1,179500,"재분배",,
2026-05-13,005935,삼성전자우,BUY,1,189100,"재분배",,
2026-05-13,000270,기아,BUY,1,179500,"재분배",,
2026-05-13,005935,삼성전자우,BUY,1,189100,"재분배",,
2026-05-14,035720,카카오,BUY,1,45950,"#14 상승 (전일 16위→14위)",,
2026-05-15,000270,기아,SELL,3,168000,"순위 이탈 (매수 6위 → 7위)",-34656,-6.43
2026-05-15,005935,삼성전자우,SELL,3,179400,"순위 이탈 (매수 7위 → 8위)",-29266,-5.16
2026-05-18,035720,카카오,SELL,1,42450,"순위 이탈 (매수 14위 → 15위)",-3513,-7.64
2026-05-18,005935,삼성전자우,BUY,1,185100,"Top10 #6 신규 진입",,
2026-05-18,000270,기아,BUY,1,162500,"Top10 #8 신규 진입",,
2026-05-18,000270,기아,BUY,1,162500,"재분배",,
2026-05-18,005935,삼성전자우,BUY,1,185100,"재분배",,
2026-05-18,000270,기아,BUY,1,162500,"재분배",,
2026-05-18,005935,삼성전자우,BUY,1,185100,"재분배",,
2026-05-19,012330,현대모비스,SELL,1,525000,"순위 이탈 (매수 17위 → 18위)",-124176,-19.13
2026-05-20,373220,LG에너지솔루션,BUY,1,384500,"재분배",,
2026-05-20,000270,기아,BUY,1,149400,"재분배",,
2026-05-21,000270,기아,SELL,4,167900,"KOSPI +8.42% + 수익 +5.43%",34504,5.42
2026-05-21,000270,기아,BUY,1,167900,"Top10 #8 신규 진입",,
2026-05-21,028260,삼성물산,BUY,1,418500,"#14 상승 (전일 16위→14위)",,
2026-05-22,005935,삼성전자우,SELL,3,187500,"순위 이탈 (매수 6위 → 7위)",7032,1.27
2026-05-22,005935,삼성전자우,BUY,1,187500,"Top10 #7 신규 진입",,
2026-05-22,000270,기아,BUY,1,164800,"재분배",,
2026-05-22,005935,삼성전자우,BUY,1,187500,"재분배",,
2026-05-22,000270,기아,BUY,1,164800,"재분배",,
2026-05-27,000660,SK하이닉스,SELL,1,2310840,"트레일링 -2% (고점 2358000)",430211,22.88
2026-05-27,028260,삼성물산,SELL,1,410500,"순위 이탈 (매수 14위 → 15위)",-8124,-1.94
2026-05-27,000660,SK하이닉스,BUY,1,2243000,"Top10 #2 신규 진입",,
2026-05-27,005935,삼성전자우,BUY,1,192000,"재분배",,
2026-05-27,000270,기아,BUY,1,164700,"재분배",,
2026-05-29,005930,삼성전자,SELL,2,316540,"트레일링 -2% (고점 323000)",61899,10.84
2026-05-29,005490,POSCO홀딩스,SELL,1,423500,"순위 이탈 (매수 10위 → 11위)",-55135,-11.52
2026-05-29,005930,삼성전자,BUY,1,317000,"Top10 #1 신규 진입",,
2026-05-29,035420,NAVER,BUY,1,234000,"Top10 #10 신규 진입",,
2026-05-29,035420,NAVER,BUY,1,234000,"재분배",,
2026-05-29,005930,삼성전자,BUY,1,317000,"재분배",,
2026-06-01,005380,현대차,SELL,1,767340,"트레일링 -2% (고점 783000)",93124,13.81
2026-06-01,005935,삼성전자우,SELL,3,230790,"트레일링 -2% (고점 235500)",125181,22.07
2026-06-01,005930,삼성전자,SELL,2,347410,"트레일링 -2% (고점 354500)",60621,9.56
2026-06-01,035420,NAVER,SELL,2,297920,"트레일링 -2% (고점 304000)",127680,27.28
2026-06-01,005930,삼성전자,BUY,1,349000,"Top10 #1 신규 진입",,
2026-06-01,005380,현대차,BUY,1,750000,"Top10 #5 신규 진입",,
2026-06-01,005935,삼성전자우,BUY,1,229000,"Top10 #6 신규 진입",,
2026-06-01,035420,NAVER,BUY,1,271500,"Top10 #9 신규 진입",,
2026-06-01,066570,LG전자,BUY,1,380500,"#18 상승 (전일 22위→18위)",,
2026-06-01,005935,삼성전자우,BUY,1,229000,"재분배",,
2026-06-01,035420,NAVER,BUY,1,271500,"재분배",,
2026-06-01,005930,삼성전자,BUY,1,349000,"재분배",,
2026-06-02,005380,현대차,SELL,1,729000,"순위 이탈 (매수 5위 → 6위)",-21222,-2.83
2026-06-02,005380,현대차,BUY,1,729000,"Top10 #6 신규 진입",,
2026-06-04,066570,LG전자,SELL,1,328000,"순위 이탈 (매수 18위 → 19위)",-52606,-13.82
2026-06-04,086790,하나금융지주,BUY,1,120600,"#18 상승 (전일 20위→18위)",,
2026-06-04,068270,셀트리온,BUY,1,176500,"재분배",,
2026-06-05,068270,셀트리온,SELL,4,171400,"순위 이탈 (매수 7위 → 8위)",-37683,-5.21